{"cameraMode":{"drawMode":0,"name":"Shaded","section":"Shading Mode"},"sceneLighting":true,"audioPlay":false,"sceneViewState":{"showFog":true,"showMaterialUpdate":false,"showSkybox":true,"showFlares":true,"showImageEffects":true,"showParticleSystems":true},"in2DMode":false,"pivot":{"x":-1.1534901857376099,"y":1.681591510772705,"z":-3.627574920654297},"rotation":{"x":0.0018317732028663159,"y":0.9971460700035095,"z":0.07100753486156464,"w":-0.025716466829180719},"size":2.486602306365967,"orthographic":false}